"Table 2: E-4 Population Estimates for Cities, Counties and State, 2001-2010",,,,,,,,,,,,
with 2000 & 2010 Census Counts,,,,,,,,,,,,
,,,,,,,,,,,,
COUNTY/CITY,4/1/00,1/1/01,1/1/02,1/1/03,1/1/04,1/1/05,1/1/06,1/1/07,1/1/08,1/1/09,1/1/10,4/1/10
,,,,,,,,,,,,
California,,,,,,,,,,,,
Incorporated Total,"27,536,281","27,963,077","28,387,895","28,784,956","29,188,535","29,444,833","29,657,437","29,938,382","30,191,092","30,526,566","30,747,555","30,764,175"
Balance Of State Total,"6,336,805","6,293,712","6,337,621","6,378,653","6,382,312","6,424,340","6,458,765","6,461,294","6,513,283","6,440,147","6,476,345","6,489,781"
State Total,"33,873,086","34,256,789","34,725,516","35,163,609","35,570,847","35,869,173","36,116,202","36,399,676","36,704,375","36,966,713","37,223,900","37,253,956"
,,,,,,,,,,,,
Alameda County,,,,,,,,,,,,
Alameda             ,"72,259","72,529","72,749","72,612","71,980","71,727","71,558","72,031","72,598","73,166","73,717","73,812"
Albany              ,"16,444","16,692","16,924","17,096","17,233","16,889","17,015","17,332","17,298","18,196","18,481","18,539"
Berkeley            ,"102,743","103,695","104,793","105,139","105,611","105,880","107,398","108,721","109,762","110,982","112,363","112,580"
Dublin              ,"30,023","32,437","33,514","35,229","36,991","38,147","39,868","41,309","44,321","45,104","45,681","46,036"
Emeryville          ,"6,882","7,186","7,181","7,376","7,483","7,998","8,248","8,818","9,362","9,702","9,795","10,080"
Fremont             ,"203,413","206,040","207,639","207,481","206,694","206,712","206,454","207,358","209,257","211,506","213,524","214,089"
Hayward             ,"140,030","141,444","141,850","141,263","140,681","140,530","140,305","140,720","141,495","142,642","143,921","144,186"
Livermore           ,"73,464","74,422","75,560","76,332","76,660","78,019","78,482","79,374","79,890","80,482","80,932","80,968"
Newark              ,"42,471","42,884","43,103","43,184","42,933","42,524","42,226","42,221","42,327","42,429","42,592","42,573"
Oakland             ,"399,566","399,262","399,296","397,440","394,917","389,937","386,350","385,882","387,554","389,913","391,475","390,724"
Piedmont            ,"10,952","10,973","10,969","10,893","10,807","10,690","10,599","10,589","10,601","10,638","10,674","10,667"
Pleasanton          ,"63,654","65,011","65,712","66,464","66,732","66,890","67,215","68,012","68,796","69,579","70,135","70,285"
San Leandro         ,"79,452","80,341","81,163","81,342","81,882","81,802","81,795","82,310","83,069","83,951","84,831","84,950"
Union City          ,"66,869","67,477","68,847","68,383","67,896","67,544","67,624","68,160","68,884","69,108","69,625","69,516"
Balance Of County    ,"135,717","136,792","137,763","137,658","137,907","137,447","137,234","137,785","138,871","140,401","141,494","141,266"
Incorporated,"1,308,222","1,320,393","1,329,300","1,330,234","1,328,500","1,325,289","1,325,137","1,332,837","1,345,214","1,357,398","1,367,746","1,369,005"
County Total,"1,443,939","1,457,185","1,467,063","1,467,892","1,466,407","1,462,736","1,462,371","1,470,622","1,484,085","1,497,799","1,509,240","1,510,271"
,,,,,,,,,,,,
Alpine County,"1,208","1,220","1,242","1,248","1,257","1,237","1,232","1,252","1,228","1,194","1,178","1,175"
,,,,,,,,,,,,
Amador County,,,,,,,,,,,,
Amador              ,196,199,203,202,201,206,202,199,194,189,187,185
Ione                ,"7,129","7,243","7,474","7,499","7,588","7,643","7,686","7,915","7,567","7,834","7,863","7,918"
Jackson             ,"3,989","4,029","4,098","4,175","4,242","4,408","4,541","4,581","4,615","4,600","4,638","4,651"
Plymouth            ,980,990,"1,029","1,072","1,060","1,053","1,045","1,028","1,024","1,006","1,004","1,005"
Sutter Creek        ,"2,303","2,320","2,348","2,405","2,426","2,636","2,618","2,591","2,576","2,519","2,503","2,501"
Balance Of County    ,"20,503","20,714","21,007","21,303","21,444","21,488","21,751","21,711","21,999","21,736","21,816","21,831"
Incorporated,"14,597","14,781","15,152","15,353","15,517","15,946","16,092","16,314","15,976","16,148","16,195","16,260"
County Total,"35,100","35,495","36,159","36,656","36,961","37,434","37,843","38,025","37,975","37,884","38,011","38,091"
,,,,,,,,,,,,
Butte County,,,,,,,,,,,,
Biggs               ,"1,793","1,786","1,786","1,783","1,770","1,747","1,722","1,714","1,702","1,705","1,711","1,707"
Chico               ,"60,516","64,810","66,481","67,862","70,322","72,459","77,348","82,784","85,034","85,739","86,136","86,187"
Gridley             ,"5,408","5,531","5,694","5,796","5,806","5,761","5,989","6,250","6,466","6,532","6,589","6,584"
Oroville            ,"13,004","13,053","13,201","13,481","13,631","13,762","13,961","14,998","15,063","15,377","15,529","15,546"
Paradise            ,"26,408","26,412","26,510","26,598","26,593","26,403","26,264","26,160","26,086","26,146","26,188","26,218"
Balance Of County    ,"96,042","92,999","93,270","93,869","93,297","92,823","89,406","84,495","83,450","83,388","83,814","83,758"
Incorporated,"107,129","111,592","113,672","115,520","118,122","120,132","125,284","131,906","134,351","135,499","136,153","136,242"
County Total,"203,171","204,591","206,942","209,389","211,419","212,955","214,690","216,401","217,801","218,887","219,967","220,000"
,,,,,,,,,,,,
Calaveras County,,,,,,,,,,,,
Angels City,"3,004","3,165","3,341","3,450","3,575","3,649","3,702","3,753","3,799","3,819","3,831","3,836"
Balance Of County    ,"37,550","37,877","38,432","39,201","39,979","40,699","41,342","41,724","41,871","41,813","41,771","41,742"
Incorporated,"3,004","3,165","3,341","3,450","3,575","3,649","3,702","3,753","3,799","3,819","3,831","3,836"
County Total,"40,554","41,042","41,773","42,651","43,554","44,348","45,044","45,477","45,670","45,632","45,602","45,578"
,,,,,,,,,,,,
Colusa County,,,,,,,,,,,,
Colusa              ,"5,402","5,446","5,526","5,599","5,661","5,557","5,626","5,683","5,708","5,896","5,953","5,971"
Williams            ,"3,670","3,747","3,832","3,978","4,173","4,658","4,879","5,005","5,098","5,070","5,118","5,123"
Balance Of County    ,"9,732","9,781","9,871","9,961","10,099","10,159","10,224","10,318","10,339","10,255","10,309","10,325"
Incorporated,"9,072","9,193","9,358","9,577","9,834","10,215","10,505","10,688","10,806","10,966","11,071","11,094"
County Total,"18,804","18,974","19,229","19,538","19,933","20,374","20,729","21,006","21,145","21,221","21,380","21,419"
,,,,,,,,,,,,
Contra Costa County,,,,,,,,,,,,
Antioch             ,"90,532","92,942","96,343","98,467","100,042","99,713","98,995","99,098","99,854","100,956","102,277","102,372"
Brentwood           ,"23,302","26,053","29,711","33,699","37,867","41,343","44,992","47,846","49,710","50,997","51,453","51,481"
Clayton             ,"10,762","10,909","10,922","10,907","10,942","10,843","10,714","10,661","10,717","10,813","10,899","10,897"
Concord             ,"121,872","122,874","123,415","123,061","123,119","122,373","120,732","120,049","120,592","121,285","122,109","122,067"
Danville            ,"41,715","42,491","42,563","42,572","42,571","42,113","41,479","41,311","41,364","41,712","42,067","42,039"
El Cerrito          ,"23,171","23,354","23,398","23,379","23,305","23,120","23,030","22,952","23,193","23,350","23,552","23,549"
Hercules            ,"19,488","19,738","19,953","20,218","21,427","22,832","23,090","23,380","23,795","23,938","24,079","24,060"
Lafayette           ,"23,908","24,048","24,233","24,150","24,072","23,857","23,539","23,472","23,567","23,696","23,895","23,893"
Martinez            ,"35,866","36,175","36,423","36,475","36,409","36,061","35,529","35,363","35,437","35,630","35,846","35,824"
Moraga              ,"16,290","16,399","16,387","16,345","16,287","16,133","15,911","15,842","15,863","15,929","16,019","16,016"
Oakley,"25,619","25,935","26,866","27,533","28,208","28,747","29,081","31,484","32,930","34,226","35,351","35,432"
Orinda              ,"17,599","17,719","17,723","17,679","17,637","17,514","17,283","17,240","17,341","17,484","17,647","17,643"
Pinole              ,"19,039","19,194","19,140","19,099","19,044","18,837","18,460","18,291","18,304","18,335","18,376","18,390"
Pittsburg           ,"56,769","57,706","59,355","60,259","60,667","61,120","60,926","61,324","61,873","62,201","63,181","63,264"
Pleasant Hill       ,"32,837","33,065","33,108","33,318","33,289","32,982","32,536","32,421","32,793","32,963","33,175","33,152"
Richmond            ,"99,216","100,008","100,342","100,353","100,727","101,098","100,732","101,805","102,313","102,887","103,764","103,701"
San Pablo           ,"30,256","30,278","30,004","29,834","29,856","29,632","29,024","28,752","28,848","29,232","29,245","29,139"
San Ramon           ,"44,722","46,320","47,890","48,800","51,199","53,923","60,134","64,173","66,642","69,428","71,788","72,148"
Walnut Creek        ,"64,296","65,231","65,199","65,002","65,092","64,705","63,681","63,302","63,339","63,786","64,240","64,173"
Balance Of County    ,"151,557","151,637","151,682","153,106","152,198","154,270","157,301","156,906","158,789","159,542","158,985","159,785"
Incorporated,"797,259","810,439","822,975","831,150","841,760","846,946","849,868","858,766","868,475","878,848","888,963","889,240"
County Total,"948,816","962,076","974,657","984,256","993,958","1,001,216","1,007,169","1,015,672","1,027,264","1,038,390","1,047,948","1,049,025"
,,,,,,,,,,,,
Del Norte County,,,,,,,,,,,,
Crescent City       ,"7,347","7,310","7,263","7,362","7,571","7,645","7,667","7,734","7,689","7,698","7,619","7,643"
Balance Of County    ,"20,160","20,124","20,254","20,382","20,458","20,606","20,629","20,644","20,837","20,867","20,962","20,967"
Incorporated,"7,347","7,310","7,263","7,362","7,571","7,645","7,667","7,734","7,689","7,698","7,619","7,643"
County Total,"27,507","27,434","27,517","27,744","28,029","28,251","28,296","28,378","28,526","28,565","28,581","28,610"
,,,,,,,,,,,,
El Dorado County,,,,,,,,,,,,
Placerville         ,"9,610","9,934","10,223","10,238","10,259","10,210","10,164","10,204","10,275","10,324","10,365","10,389"
South Lake Tahoe    ,"23,609","23,730","23,463","23,184","22,888","22,520","22,094","21,888","21,737","21,517","21,407","21,403"
Balance Of County    ,"123,080","126,415","129,614","132,773","135,837","139,009","141,960","144,134","145,885","147,309","148,910","149,266"
Incorporated,"33,219","33,664","33,686","33,422","33,147","32,730","32,258","32,092","32,012","31,841","31,772","31,792"
County Total,"156,299","160,079","163,300","166,195","168,984","171,739","174,218","176,226","177,897","179,150","180,682","181,058"
,,,,,,,,,,,,
Fresno County,,,,,,,,,,,,
Clovis              ,"68,516","69,992","72,514","75,805","80,111","84,552","88,239","90,155","92,484","93,629","95,447","95,631"
Coalinga            ,"15,798","15,833","15,830","15,765","16,335","16,566","16,662","17,330","18,310","18,295","18,197","18,087"
Firebaugh           ,"5,743","5,822","6,047","6,340","6,788","6,953","6,973","6,988","7,198","7,262","7,464","7,549"
Fowler              ,"3,979","4,073","4,191","4,298","4,523","4,602","4,705","5,101","5,387","5,476","5,561","5,570"
Fresno              ,"427,719","433,575","440,192","447,548","452,910","457,786","463,404","470,817","477,499","487,353","494,054","494,665"
Huron               ,"6,310","6,287","6,386","6,555","6,472","6,343","6,533","6,528","6,493","6,658","6,790","6,754"
Kerman              ,"8,548","8,717","9,416","9,792","10,350","10,985","12,062","12,571","12,841","13,286","13,551","13,544"
Kingsburg           ,"9,231","9,689","10,052","10,519","11,108","11,105","11,097","11,041","11,109","11,293","11,383","11,382"
Mendota             ,"7,890","8,013","8,235","8,478","9,047","9,179","9,316","10,037","10,548","10,761","10,983","11,014"
Orange Cove         ,"7,722","8,162","8,163","8,227","8,516","8,305","8,445","9,113","9,197","9,182","9,128","9,078"
Parlier             ,"11,145","11,458","12,197","12,433","12,571","13,018","13,278","13,506","13,903","14,244","14,463","14,494"
Reedley             ,"20,756","20,785","20,786","20,818","20,951","21,447","21,961","23,227","23,811","23,790","24,139","24,194"
Sanger              ,"18,931","19,094","19,287","19,574","19,991","21,297","22,352","23,713","24,187","24,118","24,286","24,270"
San Joaquin         ,"3,270","3,324","3,388","3,487","3,545","3,569","3,685","3,788","3,993","3,993","4,010","4,001"
Selma               ,"19,444","19,886","20,289","20,909","21,694","22,160","22,642","22,813","22,999","23,048","23,217","23,219"
Balance Of County    ,"164,405","163,901","164,836","166,708","168,145","168,191","167,774","166,360","166,562","166,172","167,085","166,998"
Incorporated,"635,002","644,710","656,973","670,548","684,912","697,867","711,354","726,728","739,959","752,388","762,673","763,452"
County Total,"799,407","808,611","821,809","837,256","853,057","866,058","879,128","893,088","906,521","918,560","929,758","930,450"
,,,,,,,,,,,,
Glenn County,,,,,,,,,,,,
Orland              ,"6,281","6,317","6,327","6,387","6,437","6,534","6,807","7,008","7,161","7,233","7,285","7,291"
Willows             ,"6,220","6,237","6,218","6,247","6,244","6,235","6,174","6,203","6,210","6,186","6,164","6,166"
Balance Of County    ,"13,952","14,030","14,157","14,340","14,529","14,625","14,647","14,661","14,695","14,669","14,671","14,665"
Incorporated,"12,501","12,554","12,545","12,634","12,681","12,769","12,981","13,211","13,371","13,419","13,449","13,457"
County Total,"26,453","26,584","26,702","26,974","27,210","27,394","27,628","27,872","28,066","28,088","28,120","28,122"
,,,,,,,,,,,,
Humboldt County,,,,,,,,,,,,
Arcata              ,"16,651","16,798","16,826","16,883","16,950","17,000","16,961","17,044","17,079","17,148","17,211","17,231"
Blue Lake           ,"1,137","1,148","1,180","1,192","1,203","1,212","1,212","1,216","1,221","1,236","1,247","1,253"
Eureka              ,"26,128","26,169","26,316","26,551","26,727","26,793","26,763","26,762","26,845","26,927","27,125","27,191"
Ferndale            ,"1,382","1,392","1,395","1,400","1,431","1,427","1,400","1,394","1,381","1,376","1,372","1,371"
Fortuna             ,"10,498","10,580","10,857","11,104","11,306","11,479","11,602","11,678","11,738","11,815","11,897","11,926"
Rio Dell            ,"3,174","3,170","3,190","3,218","3,241","3,265","3,285","3,315","3,322","3,337","3,362","3,368"
Trinidad            ,312,317,323,328,338,342,345,349,353,358,363,367
Balance Of County    ,"67,236","67,437","67,965","68,792","69,516","69,949","70,390","70,685","70,992","71,287","71,776","71,916"
Incorporated,"59,282","59,574","60,087","60,676","61,196","61,518","61,568","61,758","61,939","62,197","62,577","62,707"
County Total,"126,518","127,011","128,052","129,468","130,712","131,467","131,958","132,443","132,931","133,484","134,353","134,623"
,,,,,,,,,,,,
Imperial County,,,,,,,,,,,,
Brawley             ,"22,052","22,095","21,928","21,881","22,217","22,381","23,601","23,443","24,157","24,476","24,937","24,953"
Calexico            ,"27,109","27,866","29,425","31,497","33,499","35,056","35,485","36,013","37,306","37,999","38,506","38,572"
Calipatria          ,"7,289","7,233","7,513","7,506","7,586","7,621","7,521","7,422","7,411","7,725","7,797","7,705"
El Centro           ,"38,025","38,166","38,118","38,456","38,589","39,147","39,957","39,617","40,874","41,804","42,544","42,598"
Holtville           ,"5,612","5,607","5,553","5,499","5,432","5,336","5,384","5,739","5,881","5,899","5,944","5,939"
Imperial            ,"7,560","7,851","8,330","8,880","9,749","10,093","10,828","12,612","13,724","14,159","14,667","14,758"
Westmorland         ,"2,131","2,154","2,153","2,141","2,127","2,319","2,240","2,215","2,244","2,261","2,228","2,225"
Balance Of County    ,"32,583","32,969","32,934","33,181","33,221","33,840","35,072","37,646","36,898","37,347","37,621","37,778"
Incorporated,"109,778","110,972","113,020","115,860","119,199","121,953","125,016","127,061","131,597","134,323","136,623","136,750"
County Total,"142,361","143,941","145,954","149,041","152,420","155,793","160,088","164,707","168,495","171,670","174,244","174,528"
,,,,,,,,,,,,
Inyo County,,,,,,,,,,,,
Bishop              ,"3,575","3,613","3,661","3,706","3,728","3,745","3,743","3,760","3,794","3,823","3,865","3,879"
Balance Of County    ,"14,496","14,549","14,650","14,755","14,805","14,766","14,699","14,674","14,622","14,593","14,660","14,667"
Incorporated,"3,575","3,613","3,661","3,706","3,728","3,745","3,743","3,760","3,794","3,823","3,865","3,879"
County Total,"18,071","18,162","18,311","18,461","18,533","18,511","18,442","18,434","18,416","18,416","18,525","18,546"
,,,,,,,,,,,,
Kern County,,,,,,,,,,,,
Arvin               ,"12,956","13,315","13,946","14,781","15,485","16,095","16,353","17,685","18,332","18,800","19,270","19,304"
Bakersfield         ,"246,899","249,594","259,240","270,496","284,232","299,363","315,107","327,006","333,809","340,997","346,782","347,483"
California City     ,"8,385","9,110","10,659","10,915","11,042","11,090","11,519","12,498","13,671","14,096","14,186","14,120"
Delano              ,"39,499","39,800","40,674","41,845","42,871","44,353","48,375","51,876","52,633","52,801","53,110","53,041"
Maricopa            ,"1,111","1,120","1,130","1,135","1,147","1,149","1,135","1,134","1,135","1,148","1,159","1,154"
Mcfarland           ,"9,835","9,755","9,817","10,372","10,771","11,616","11,825","11,879","12,484","12,562","12,820","12,707"
Ridgecrest          ,"24,927","26,176","26,411","26,545","26,695","26,786","26,684","26,977","26,996","27,302","27,535","27,616"
Shafter             ,"12,731","12,911","13,170","13,612","14,039","14,450","14,861","15,403","16,123","16,461","16,917","16,988"
Taft                ,"8,811","8,874","8,926","9,011","8,999","9,049","9,125","9,142","9,205","9,145","9,290","9,327"
Tehachapi           ,"11,125","11,438","11,160","11,580","11,959","12,165","12,899","13,408","13,512","14,150","14,453","14,414"
Wasco               ,"21,263","21,384","21,646","22,344","22,934","23,666","24,186","24,051","24,926","25,442","25,533","25,545"
Balance Of County    ,"264,111","268,527","271,284","274,475","278,698","281,187","281,993","284,923","290,004","292,599","296,019","297,932"
Incorporated,"397,542","403,477","416,779","432,636","450,174","469,782","492,069","511,059","522,826","532,904","541,055","541,699"
County Total,"661,653","672,004","688,063","707,111","728,872","750,969","774,062","795,982","812,830","825,503","837,074","839,631"
,,,,,,,,,,,,
Kings County,,,,,,,,,,,,
Avenal              ,"14,674","15,098","14,738","15,193","15,941","15,898","15,991","16,389","16,184","15,456","15,731","15,505"
Corcoran            ,"20,843","20,646","20,970","20,881","21,716","22,029","22,829","24,774","25,283","25,108","24,748","24,813"
Hanford             ,"41,687","42,462","43,689","44,466","46,096","48,016","48,920","50,534","51,922","52,970","53,484","53,967"
Lemoore             ,"19,712","20,021","20,487","20,714","21,340","21,893","22,607","23,331","23,520","23,859","24,351","24,531"
Balance Of County    ,"32,545","32,873","33,667","35,456","35,595","35,771","35,698","33,905","34,197","34,423","34,403","34,166"
Incorporated,"96,916","98,227","99,884","101,254","105,093","107,836","110,347","115,028","116,909","117,393","118,314","118,816"
County Total,"129,461","131,100","133,551","136,710","140,688","143,607","146,045","148,933","151,106","151,816","152,717","152,982"
,,,,,,,,,,,,
Lake County,,,,,,,,,,,,
Clearlake           ,"13,147","13,315","13,570","13,773","14,003","14,069","14,194","14,551","14,831","15,100","15,207","15,250"
Lakeport            ,"4,820","4,841","4,891","4,904","4,892","4,873","4,826","4,779","4,719","4,796","4,758","4,753"
Balance Of County    ,"40,358","41,104","42,064","42,815","43,412","43,928","44,429","44,560","44,628","44,488","44,615","44,662"
Incorporated,"17,967","18,156","18,461","18,677","18,895","18,942","19,020","19,330","19,550","19,896","19,965","20,003"
County Total,"58,325","59,260","60,525","61,492","62,307","62,870","63,449","63,890","64,178","64,384","64,580","64,665"
,,,,,,,,,,,,
Lassen County,,,,,,,,,,,,
Susanville          ,"17,465","17,428","17,317","17,658","18,120","18,304","18,528","18,343","18,216","17,998","17,881","17,947"
Balance Of County    ,"16,363","16,335","16,311","16,170","16,193","16,248","16,241","17,036","17,221","16,949","16,913","16,948"
Incorporated,"17,465","17,428","17,317","17,658","18,120","18,304","18,528","18,343","18,216","17,998","17,881","17,947"
County Total,"33,828","33,763","33,628","33,828","34,313","34,552","34,769","35,379","35,437","34,947","34,794","34,895"
,,,,,,,,,,,,
Los Angeles County,,,,,,,,,,,,
Agoura Hills        ,"20,537","20,519","21,001","20,986","20,850","21,624","21,292","20,995","20,770","20,569","20,398","20,330"
Alhambra            ,"85,757","86,153","86,499","86,702","86,771","86,541","84,944","84,096","83,551","83,221","83,220","83,089"
Arcadia             ,"53,054","53,669","54,640","55,158","55,388","55,521","55,473","55,607","55,707","55,975","56,304","56,364"
Artesia             ,"16,380","16,502","16,570","16,622","16,681","16,598","16,720","16,628","16,544","16,508","16,514","16,522"
Avalon              ,"3,279","3,327","3,388","3,506","3,540","3,551","3,557","3,594","3,633","3,674","3,719","3,728"
Azusa               ,"44,712","44,933","45,455","46,152","46,808","46,642","46,279","46,133","46,117","46,227","46,382","46,361"
Baldwin Park        ,"75,837","76,576","77,002","77,477","77,516","77,383","76,765","76,264","76,066","75,666","75,490","75,390"
Bell                ,"36,664","36,767","36,855","37,114","37,152","36,925","36,564","36,219","35,803","35,630","35,538","35,477"
Bellflower          ,"72,878","73,577","74,664","75,853","76,260","76,306","75,991","75,787","75,911","76,220","76,531","76,616"
Bell Gardens        ,"44,054","44,108","44,177","44,193","43,809","43,468","42,852","42,868","42,551","42,288","42,176","42,072"
Beverly Hills       ,"33,784","34,155","34,370","34,595","34,690","34,567","34,308","34,210","34,028","34,084","34,136","34,109"
Bradbury            ,855,869,904,938,962,974,978,977,999,"1,017","1,039","1,048"
Burbank             ,"100,316","100,869","101,572","102,574","102,872","103,122","103,060","103,121","103,098","103,116","103,363","103,340"
Calabasas           ,"21,356","21,534","21,876","22,280","22,475","22,519","22,775","22,865","22,947","22,989","23,053","23,058"
Carson              ,"89,730","91,353","91,743","92,624","93,340","94,236","93,549","93,108","92,612","92,198","91,799","91,714"
Cerritos            ,"51,488","51,570","51,925","52,344","52,129","51,674","51,013","50,393","49,930","49,479","49,176","49,041"
Claremont           ,"33,998","34,418","34,955","35,186","35,116","34,981","34,856","34,903","34,850","35,259","34,930","34,926"
Commerce            ,"12,568","12,646","12,786","12,901","13,006","12,994","12,893","12,813","12,828","12,825","12,830","12,823"
Compton             ,"93,493","94,182","95,004","95,608","96,091","96,133","96,234","95,980","95,799","96,096","96,444","96,455"
Covina              ,"46,837","47,184","47,622","47,978","48,137","48,147","47,924","47,871","47,701","47,726","47,793","47,796"
Cudahy              ,"24,208","24,507","24,651","24,719","24,672","24,506","24,173","24,053","23,929","23,826","23,846","23,805"
Culver City         ,"38,816","39,089","39,367","39,554","39,635","39,547","39,283","39,048","38,915","38,874","38,896","38,883"
Diamond Bar         ,"56,287","56,508","56,927","57,173","57,082","56,703","56,110","55,789","55,610","55,379","55,654","55,544"
Downey              ,"107,323","108,411","109,705","110,598","111,393","111,416","111,009","110,858","110,860","111,254","111,690","111,772"
Duarte              ,"21,488","21,572","21,714","21,772","21,764","21,726","21,775","21,617","21,356","21,409","21,345","21,321"
El Monte            ,"115,965","116,235","116,785","117,764","117,851","118,295","116,901","115,996","114,920","114,434","113,740","113,475"
El Segundo          ,"16,033","16,200","16,363","16,506","16,612","16,649","16,600","16,599","16,547","16,581","16,650","16,654"
Gardena             ,"57,746","58,373","59,082","59,320","59,468","59,277","59,235","59,095","58,841","58,834","58,854","58,829"
Glendale            ,"194,973","195,735","196,612","197,305","198,025","197,042","195,343","193,696","192,810","192,253","191,954","191,719"
Glendora            ,"49,415","49,847","50,173","50,462","50,630","50,490","50,195","50,055","49,775","49,840","50,100","50,073"
Hawaiian Gardens    ,"14,779","14,816","14,963","15,051","15,000","14,923","14,785","14,627","14,501","14,393","14,287","14,254"
Hawthorne           ,"84,112","84,528","85,040","85,385","85,450","85,030","84,380","84,033","84,684","84,465","84,360","84,293"
Hermosa Beach       ,"18,566","18,767","19,088","19,241","19,389","19,340","19,217","19,174","19,283","19,312","19,477","19,506"
Hidden Hills        ,"1,875","1,904","1,923","1,944","1,941","1,936","1,923","1,902","1,871","1,862","1,863","1,856"
Huntington Park     ,"61,348","61,498","61,618","61,980","61,788","61,318","60,587","60,003","59,462","59,014","58,241","58,114"
Industry            ,777,754,724,693,661,626,589,553,541,481,452,451
Inglewood           ,"112,580","112,900","113,319","113,830","113,368","112,417","111,777","111,428","110,584","110,164","109,831","109,673"
Irwindale           ,"1,446","1,438","1,422","1,403","1,372","1,345","1,377","1,437","1,480","1,461","1,429","1,422"
La Canada Flintridge,"20,318","20,491","20,696","20,832","20,912","20,892","20,562","20,412","20,313","20,249","20,266","20,246"
La Habra Heights    ,"5,712","5,733","5,769","5,812","5,801","5,730","5,582","5,508","5,443","5,398","5,347","5,325"
Lakewood            ,"79,345","79,868","80,458","80,941","81,257","81,040","80,545","80,180","79,968","80,004","80,066","80,048"
La Mirada           ,"46,783","47,118","47,507","48,277","49,281","49,225","48,543","48,666","48,519","48,434","48,528","48,527"
Lancaster           ,"118,718","121,313","124,574","128,362","132,388","137,268","142,417","148,231","151,181","153,613","155,920","156,633"
La Puente           ,"41,063","41,230","41,383","41,459","41,468","41,199","40,784","40,419","40,139","39,990","39,879","39,816"
La Verne            ,"31,638","31,745","31,875","31,944","31,916","31,702","31,333","31,035","31,449","31,234","31,120","31,063"
Lawndale            ,"31,711","31,946","32,223","32,449","32,679","32,672","32,569","32,566","32,568","32,684","32,761","32,769"
Lomita              ,"20,046","20,182","20,387","20,525","20,611","20,595","20,456","20,354","20,284","20,236","20,260","20,256"
Long Beach          ,"461,522","463,689","465,795","469,713","472,013","470,781","467,586","465,017","463,250","462,211","462,685","462,257"
Los Angeles         ,"3,694,742","3,714,515","3,740,481","3,760,410","3,773,549","3,769,131","3,768,645","3,764,063","3,774,497","3,781,952","3,794,586","3,792,621"
Lynwood             ,"69,845","70,352","70,891","71,277","71,191","70,733","70,423","69,896","69,776","69,766","69,786","69,772"
Malibu              ,"12,575","12,695","12,806","12,944","13,052","13,022","12,907","12,823","12,713","12,672","12,659","12,645"
Manhattan Beach     ,"33,852","34,367","35,051","35,649","35,748","35,667","35,278","35,051","34,955","35,147","35,168","35,135"
Maywood             ,"28,083","28,201","28,280","28,309","28,220","28,018","27,792","27,809","27,669","27,551","27,442","27,395"
Monrovia            ,"36,929","37,071","37,235","37,334","37,299","37,114","36,754","36,548","36,369","36,407","36,659","36,590"
Montebello          ,"62,150","62,513","62,939","63,459","63,574","63,359","62,972","62,621","62,505","62,463","62,471","62,500"
Monterey Park       ,"60,051","60,919","61,575","61,790","61,761","61,647","61,140","60,622","60,304","60,441","60,349","60,269"
Norwalk             ,"104,323","104,985","106,523","106,983","107,195","106,921","106,317","105,785","105,404","105,330","105,529","105,549"
Palmdale            ,"116,670","119,599","123,308","126,645","130,547","135,179","139,105","142,873","145,777","150,682","152,473","152,750"
Palos Verdes Estates,"13,340","13,432","13,595","13,683","13,759","13,745","13,556","13,475","13,425","13,421","13,444","13,438"
Paramount           ,"55,266","55,522","55,823","55,956","55,917","55,606","55,087","54,730","54,430","54,201","54,126","54,098"
Pasadena            ,"133,936","134,119","135,744","137,416","137,555","137,501","136,411","135,424","135,305","136,502","136,912","137,122"
Pico Rivera         ,"63,428","63,757","64,232","64,757","64,869","64,635","64,128","63,688","63,323","63,095","62,997","62,942"
Pomona              ,"149,473","150,428","150,841","151,731","151,938","152,106","152,166","150,513","150,865","149,935","149,311","149,058"
Rancho Palos Verdes ,"41,145","41,571","41,957","42,260","42,450","42,457","41,931","41,728","41,633","41,537","41,654","41,643"
Redondo Beach       ,"63,261","63,963","65,184","65,844","66,008","65,931","65,782","65,738","65,839","66,162","66,716","66,748"
Rolling Hills       ,"1,871","1,884","1,890","1,898","1,910","1,912","1,889","1,876","1,868","1,868","1,867","1,860"
Rolling Hills Estates,"7,676","7,775","7,874","7,987","8,041","8,058","7,973","7,939","8,045","8,036","8,064","8,067"
Rosemead            ,"53,505","54,145","54,398","54,867","54,880","54,677","54,405","54,045","53,849","53,877","53,844","53,764"
San Dimas           ,"34,980","35,115","35,194","35,274","35,166","34,906","34,516","34,153","33,789","33,596","33,434","33,371"
San Fernando        ,"23,564","23,725","23,843","23,915","23,965","23,867","23,846","23,677","23,677","23,680","23,671","23,645"
San Gabriel         ,"39,804","40,014","40,235","40,470","40,440","40,365","40,109","39,974","39,870","39,798","39,774","39,718"
San Marino          ,"12,945","13,039","13,188","13,298","13,397","13,397","13,220","13,163","13,136","13,107","13,150","13,147"
Santa Clarita       ,"151,131","153,479","157,536","161,744","163,396","165,431","165,243","173,979","174,355","175,103","176,056","176,320"
Santa Fe Springs    ,"16,413","16,445","16,550","16,542","16,980","16,840","16,633","16,450","16,281","16,177","16,206","16,223"
Santa Monica        ,"84,084","85,116","87,084","88,019","88,795","88,692","88,181","87,860","88,170","89,295","89,494","89,736"
Sierra Madre        ,"10,578","10,662","10,786","10,872","10,932","10,939","10,820","10,785","10,881","10,881","10,917","10,917"
Signal Hill         ,"9,333","9,572","9,819","10,111","10,397","10,614","10,741","10,786","10,955","10,988","11,016","11,016"
South El Monte      ,"21,144","21,166","21,199","21,162","21,026","20,982","20,690","20,497","20,257","20,326","20,171","20,116"
South Gate          ,"96,375","96,775","97,500","97,734","97,953","97,461","96,499","95,893","96,080","95,741","94,502","94,396"
South Pasadena      ,"24,339","24,592","24,865","25,078","25,264","25,376","25,312","25,324","25,358","25,486","25,596","25,619"
Temple City         ,"33,377","33,679","34,145","34,433","34,965","35,087","34,979","35,024","35,098","35,284","35,516","35,558"
Torrance            ,"137,946","139,270","140,818","142,528","143,709","143,738","143,445","143,825","144,326","144,702","145,392","145,438"
Vernon              ,91,93,96,99,102,103,105,107,109,111,114,112
Walnut              ,"30,004","30,053","30,174","30,304","30,174","29,887","29,879","29,540","29,305","29,285","29,222","29,172"
West Covina         ,"105,080","106,676","107,508","108,109","108,184","107,955","107,651","106,985","106,426","106,231","106,189","106,098"
West Hollywood      ,"35,794","35,869","36,154","36,178","36,255","36,008","35,297","34,906","34,616","34,462","34,481","34,399"
Westlake Village    ,"8,368","8,406","8,448","8,554","8,553","8,518","8,441","8,376","8,320","8,292","8,277","8,270"
Whittier            ,"83,639","84,248","84,936","85,490","85,843","85,433","85,102","84,905","84,792","84,841","85,293","85,331"
Balance Of County    ,"986,050","998,965","1,015,356","1,029,996","1,043,965","1,055,539","1,059,576","1,050,569","1,050,594","1,054,009","1,057,257","1,057,194"
Incorporated,"8,533,280","8,591,115","8,663,856","8,726,918","8,762,979","8,760,614","8,739,033","8,730,239","8,734,880","8,747,087","8,764,864","8,761,411"
County Total,"9,519,330","9,590,080","9,679,212","9,756,914","9,806,944","9,816,153","9,798,609","9,780,808","9,785,474","9,801,096","9,822,121","9,818,605"
,,,,,,,,,,,,
Madera County,,,,,,,,,,,,
Chowchilla          ,"14,416","14,395","13,941","14,416","15,532","16,052","17,138","17,871","18,923","19,292","18,970","18,720"
Madera              ,"43,205","44,565","46,066","47,939","49,691","51,735","53,928","57,181","58,767","59,868","61,119","61,416"
Balance Of County    ,"65,488","66,399","67,462","68,286","69,422","70,387","70,627","70,111","70,268","70,472","70,660","70,729"
Incorporated,"57,621","58,960","60,007","62,355","65,223","67,787","71,066","75,052","77,690","79,160","80,089","80,136"
County Total,"123,109","125,359","127,469","130,641","134,645","138,174","141,693","145,163","147,958","149,632","150,749","150,865"
,,,,,,,,,,,,
Marin County,,,,,,,,,,,,
Belvedere           ,"2,125","2,119","2,105","2,090","2,086","2,062","2,052","2,046","2,053","2,057","2,066","2,068"
Corte Madera        ,"9,100","9,085","9,295","9,213","9,147","9,041","9,020","8,994","9,017","9,211","9,244","9,253"
Fairfax             ,"7,319","7,330","7,318","7,289","7,274","7,225","7,249","7,264","7,323","7,364","7,424","7,441"
Larkspur            ,"12,014","12,007","11,949","11,865","11,807","11,694","11,693","11,681","11,760","11,803","11,911","11,926"
Mill Valley         ,"13,600","13,628","13,588","13,529","13,500","13,442","13,486","13,496","13,624","13,742","13,870","13,903"
Novato              ,"47,630","48,014","48,281","48,156","48,901","49,642","50,035","51,042","51,412","51,634","52,000","51,904"
Ross                ,"2,329","2,336","2,342","2,342","2,341","2,326","2,337","2,350","2,371","2,385","2,408","2,415"
San Anselmo         ,"12,378","12,338","12,289","12,227","12,180","12,093","12,104","12,116","12,203","12,245","12,317","12,336"
San Rafael          ,"56,063","56,225","56,241","56,660","56,470","56,247","56,345","56,718","56,998","57,195","57,608","57,713"
Sausalito           ,"7,330","7,316","7,258","7,189","7,128","7,062","7,038","7,018","7,039","7,039","7,058","7,061"
Tiburon             ,"8,666","8,700","8,706","8,753","8,743","8,683","8,737","8,764","8,827","8,874","8,941","8,962"
Balance Of County    ,"68,735","68,492","68,195","68,029","67,413","67,171","66,873","66,536","66,919","67,211","67,432","67,427"
Incorporated,"178,554","179,098","179,372","179,313","179,577","179,517","180,096","181,489","182,627","183,549","184,847","184,982"
County Total,"247,289","247,590","247,567","247,342","246,990","246,688","246,969","248,025","249,546","250,760","252,279","252,409"
,,,,,,,,,,,,
Mariposa County,"17,130","17,163","17,365","17,612","17,818","17,965","18,150","18,310","18,381","18,334","18,277","18,251"
,,,,,,,,,,,,
Mendocino County,,,,,,,,,,,,
Fort Bragg          ,"6,814","6,895","6,960","7,009","7,041","7,106","7,106","7,120","7,168","7,201","7,251","7,273"
Point Arena         ,474,476,473,469,467,472,470,462,459,454,451,449
Ukiah               ,"15,497","15,622","15,747","16,009","16,029","16,020","15,960","15,959","15,963","15,983","16,042","16,075"
Willits             ,"5,073","5,076","5,066","4,989","4,957","4,946","4,905","4,873","4,863","4,903","4,892","4,888"
Balance Of County    ,"58,407","58,756","59,080","59,288","59,636","59,585","59,361","59,203","59,262","59,136","59,171","59,156"
Incorporated,"27,858","28,069","28,246","28,476","28,494","28,544","28,441","28,414","28,453","28,541","28,636","28,685"
County Total,"86,265","86,825","87,326","87,764","88,130","88,129","87,802","87,617","87,715","87,677","87,807","87,841"
,,,,,,,,,,,,
Merced County,,,,,,,,,,,,
Atwater             ,"23,113","23,432","24,301","26,312","26,683","26,829","27,286","27,706","27,618","27,677","28,169","28,168"
Dos Palos           ,"4,385","4,400","4,483","4,594","4,787","4,797","4,849","4,795","4,895","4,911","4,946","4,950"
Gustine             ,"4,698","4,862","5,071","5,237","5,352","5,416","5,352","5,282","5,339","5,412","5,498","5,520"
Livingston          ,"10,473","10,442","10,733","10,832","11,373","11,818","11,890","12,481","12,836","12,988","13,030","13,058"
Los Banos           ,"25,869","27,321","28,307","29,225","30,627","32,061","33,591","34,599","35,267","35,654","35,918","35,972"
Merced              ,"63,893","64,484","66,191","67,522","69,418","72,402","74,231","77,687","78,107","78,430","78,860","78,958"
Balance Of County    ,"78,123","79,262","80,932","82,224","84,116","84,746","85,873","84,992","86,672","87,954","88,978","89,167"
Incorporated,"132,431","134,941","139,086","143,722","148,240","153,323","157,199","162,550","164,062","165,072","166,421","166,626"
County Total,"210,554","214,203","220,018","225,946","232,356","238,069","243,072","247,542","250,734","253,026","255,399","255,793"
,,,,,,,,,,,,
Modoc County,,,,,,,,,,,,
Alturas             ,"2,892","2,887","2,874","2,865","2,837","2,833","2,833","2,835","2,821","2,812","2,822","2,827"
Balance Of County    ,"6,557","6,586","6,543","6,591","6,719","6,762","6,781","6,780","6,786","6,816","6,844","6,859"
Incorporated,"2,892","2,887","2,874","2,865","2,837","2,833","2,833","2,835","2,821","2,812","2,822","2,827"
County Total,"9,449","9,473","9,417","9,456","9,556","9,595","9,614","9,615","9,607","9,628","9,666","9,686"
,,,,,,,,,,,,
Mono County,,,,,,,,,,,,
Mammoth Lakes       ,"7,093","7,243","7,491","7,638","7,693","7,887","7,924","8,072","8,088","8,107","8,197","8,234"
Balance Of County    ,"5,760","5,791","5,807","5,840","5,957","5,876","6,051","6,110","6,055","5,967","5,963","5,968"
Incorporated,"7,093","7,243","7,491","7,638","7,693","7,887","7,924","8,072","8,088","8,107","8,197","8,234"
County Total,"12,853","13,034","13,298","13,478","13,650","13,763","13,975","14,182","14,143","14,074","14,160","14,202"
,,,,,,,,,,,,
Monterey County,,,,,,,,,,,,
Carmel-By-The-Sea   ,"4,081","4,087","4,070","4,034","3,997","3,915","3,839","3,794","3,768","3,739","3,732","3,722"
Del Rey Oaks        ,"1,650","1,659","1,660","1,657","1,653","1,629","1,607","1,598","1,599","1,609","1,626","1,624"
Gonzales            ,"7,564","7,857","8,024","8,135","8,119","7,927","7,912","8,041","8,031","8,195","8,213","8,187"
Greenfield          ,"12,648","12,599","12,616","12,637","12,583","12,481","14,309","15,311","15,850","15,975","16,192","16,330"
King City           ,"11,204","11,403","11,594","11,669","11,804","11,727","11,728","11,914","12,341","12,631","12,849","12,874"
Marina              ,"18,925","19,069","19,155","19,203","19,306","19,095","18,939","18,976","19,253","19,449","19,704","19,718"
Monterey            ,"29,696","29,246","29,477","29,700","29,097","29,588","29,034","28,819","27,924","27,799","27,921","27,810"
Pacific Grove       ,"15,522","15,575","15,559","15,483","15,407","15,155","14,905","14,879","14,874","14,935","15,053","15,041"
Salinas             ,"142,685","144,249","145,727","146,777","148,128","147,387","146,041","145,932","147,207","149,142","150,514","150,441"
Sand City           ,261,270,271,285,310,303,302,301,300,315,332,334
Seaside             ,"33,097","33,357","33,756","33,337","32,927","33,037","32,344","31,954","32,657","32,660","32,955","33,025"
Soledad             ,"23,015","22,423","22,008","23,983","25,328","26,099","26,595","26,543","25,886","25,863","25,544","25,738"
Balance Of County    ,"101,414","102,775","103,523","103,376","102,885","101,214","99,380","98,828","99,697","99,921","100,473","100,213"
Incorporated,"300,348","301,794","303,917","306,900","308,659","308,343","307,555","308,062","309,690","312,312","314,635","314,844"
County Total,"401,762","404,569","407,440","410,276","411,544","409,557","406,935","406,890","409,387","412,233","415,108","415,057"
,,,,,,,,,,,,
Napa County,,,,,,,,,,,,
American Canyon     ,"9,774","10,232","11,678","13,003","14,034","15,348","16,280","17,585","18,188","18,731","19,322","19,454"
Calistoga           ,"5,190","5,186","5,170","5,161","5,077","5,056","5,068","5,089","5,104","5,135","5,155","5,155"
Napa                ,"72,585","73,233","73,482","73,959","74,701","74,499","74,620","74,688","75,186","76,090","76,856","76,915"
St Helena           ,"5,950","5,963","5,959","5,968","5,882","5,839","5,801","5,784","5,740","5,788","5,816","5,814"
Yountville          ,"3,297","3,241","3,225","3,179","3,122","3,068","3,041","3,036","2,992","2,970","2,931","2,933"
Balance Of County    ,"27,483","27,541","27,550","27,413","26,998","26,662","26,520","26,355","26,759","26,511","26,236","26,213"
Incorporated,"96,796","97,855","99,514","101,270","102,816","103,810","104,810","106,182","107,210","108,714","110,080","110,271"
County Total,"124,279","125,396","127,064","128,683","129,814","130,472","131,330","132,537","133,969","135,225","136,316","136,484"
,,,,,,,,,,,,
Nevada County,,,,,,,,,,,,
Grass Valley        ,"10,922","11,782","11,873","11,970","12,159","12,864","12,837","12,909","12,937","12,890","12,850","12,860"
Nevada City         ,"2,996","3,006","3,010","3,019","3,019","3,019","3,043","3,057","3,077","3,061","3,065","3,068"
Truckee             ,"13,864","14,113","14,533","14,722","15,043","15,364","15,527","15,723","15,975","16,112","16,166","16,180"
Balance Of County    ,"64,251","63,792","64,632","65,566","66,319","66,207","66,661","66,719","66,592","66,495","66,601","66,656"
Incorporated,"27,782","28,901","29,416","29,711","30,221","31,247","31,407","31,689","31,989","32,063","32,081","32,108"
County Total,"92,033","92,693","94,048","95,277","96,540","97,454","98,068","98,408","98,581","98,558","98,682","98,764"
,,,,,,,,,,,,
Orange County,,,,,,,,,,,,
Aliso Viejo,0,0,"42,705","44,162","45,197","45,302","45,382","45,604","46,131","46,751","47,411","47,823"
Anaheim             ,"328,014","329,120","330,619","331,350","332,727","331,458","329,373","329,780","330,659","332,120","336,208","336,265"
Brea                ,"35,410","35,728","36,579","37,482","38,407","38,712","38,610","38,662","38,922","39,088","39,259","39,282"
Buena Park          ,"77,962","78,291","78,601","79,028","78,972","78,619","78,597","79,028","79,302","79,923","80,477","80,530"
Costa Mesa          ,"108,724","108,901","109,195","109,171","109,903","109,030","108,096","107,641","107,514","109,808","110,008","109,960"
Cypress             ,"46,549","46,766","47,057","47,152","47,441","47,376","47,185","47,210","47,436","47,542","47,750","47,802"
Dana Point          ,"35,110","35,161","35,208","35,034","34,906","34,550","34,090","33,829","33,616","33,485","33,403","33,351"
Fountain Valley     ,"54,978","55,082","55,143","55,127","55,009","55,193","54,942","54,716","54,779","55,078","55,274","55,313"
Fullerton           ,"126,003","127,227","128,412","130,109","132,420","132,913","133,412","133,559","133,872","134,199","135,108","135,161"
Garden Grove        ,"165,196","166,450","167,391","168,025","168,601","168,219","167,591","167,498","167,980","169,910","170,672","170,883"
Huntington Beach    ,"189,627","190,860","191,802","192,650","193,069","192,581","191,653","190,813","190,018","190,079","190,136","189,992"
Irvine              ,"143,072","148,009","156,109","162,950","169,240","179,975","188,172","195,080","202,947","207,380","212,117","212,375"
Laguna Beach        ,"23,727","23,757","23,779","23,769","23,696","23,497","23,250","23,061","22,900","22,826","22,760","22,723"
Laguna Hills        ,"29,891","32,046","31,962","31,833","31,676","31,421","31,096","30,818","30,656","30,494","30,396","30,344"
Laguna Niguel       ,"61,891","62,312","62,569","63,588","63,667","63,310","62,946","62,661","62,721","62,878","63,005","62,979"
Laguna Woods,"17,794","17,718","17,594","17,447","17,263","16,998","16,723","16,492","16,327","16,190","16,242","16,192"
La Habra            ,"58,974","59,579","60,042","60,179","60,128","59,828","59,600","59,770","59,874","60,047","60,235","60,239"
Lake Forest         ,"58,707","75,753","76,157","76,678","76,835","76,635","76,390","76,346","76,582","76,817","77,200","77,264"
La Palma            ,"15,408","15,454","15,678","15,698","15,703","15,618","15,525","15,472","15,477","15,506","15,561","15,568"
Los Alamitos        ,"11,536","11,547","11,546","11,553","11,582","11,508","11,437","11,452","11,461","11,458","11,454","11,449"
Mission Viejo       ,"93,102","95,256","96,134","96,583","96,232","95,427","94,566","93,958","93,709","93,458","93,394","93,305"
Newport Beach       ,"70,032","71,286","72,082","80,661","81,327","81,678","81,821","82,212","82,720","84,595","85,093","85,186"
Orange              ,"128,868","130,569","131,547","132,360","133,787","133,542","132,993","132,705","134,780","135,532","136,233","136,416"
Placentia           ,"46,488","46,841","47,897","48,451","49,048","49,037","49,704","49,699","49,857","50,219","50,515","50,533"
Rancho Santa Margarita,"47,214","47,695","47,998","48,078","48,063","47,822","47,536","47,728","47,764","47,723","47,853","47,853"
San Clemente        ,"49,936","52,676","56,046","59,066","60,842","62,286","62,749","63,063","63,318","63,510","63,562","63,522"
San Juan Capistrano ,"33,826","33,940","34,161","34,370","34,706","34,497","34,255","34,234","34,438","34,428","34,594","34,593"
Santa Ana           ,"337,977","337,883","337,077","336,961","335,434","332,878","329,470","326,817","324,653","325,564","325,036","324,528"
Seal Beach          ,"24,157","24,355","24,406","24,416","24,231","24,257","24,021","24,199","24,107","23,933","23,864","24,168"
Stanton             ,"37,403","37,516","37,710","37,839","37,865","37,698","37,516","37,432","37,715","37,933","38,166","38,186"
Tustin              ,"67,504","68,189","68,875","69,455","69,985","70,116","70,880","71,493","73,270","74,340","75,400","75,540"
Villa Park          ,"5,952","5,984","6,015","6,002","5,995","5,942","5,885","5,847","5,828","5,824","5,817","5,812"
Westminster         ,"88,207","88,476","88,664","89,083","89,407","89,268","89,018","88,681","88,746","88,967","89,694","89,701"
Yorba Linda         ,"58,918","59,091","59,755","61,050","61,815","62,574","63,125","63,453","63,603","63,633","64,118","64,234"
Balance Of County    ,"168,132","152,408","115,692","109,758","112,956","117,082","118,725","119,646","120,639","119,567","120,840","121,160"
Incorporated,"2,678,157","2,719,518","2,786,515","2,817,360","2,835,179","2,839,765","2,837,609","2,841,013","2,853,682","2,871,238","2,888,015","2,889,072"
County Total,"2,846,289","2,871,926","2,902,207","2,927,118","2,948,135","2,956,847","2,956,334","2,960,659","2,974,321","2,990,805","3,008,855","3,010,232"
,,,,,,,,,,,,
Placer County,,,,,,,,,,,,
Auburn              ,"12,462","12,511","12,524","12,517","12,726","12,809","12,863","12,993","13,079","13,232","13,307","13,330"
Colfax              ,"1,520","1,569","1,702","1,774","1,789","1,813","1,805","1,815","1,822","1,843","1,946","1,963"
Lincoln             ,"11,205","13,716","17,089","20,387","24,011","28,083","34,342","38,360","40,726","41,787","42,589","42,819"
Loomis              ,"6,260","6,271","6,240","6,256","6,203","6,166","6,318","6,345","6,385","6,416","6,427","6,430"
Rocklin             ,"36,330","39,534","43,214","46,227","49,962","51,206","51,521","52,718","54,561","55,566","56,720","56,974"
Roseville           ,"79,921","83,230","87,977","94,099","99,371","104,105","106,451","108,503","111,259","114,869","118,180","118,788"
Balance Of County    ,"100,701","101,462","102,099","102,443","102,650","103,528","104,137","105,251","105,973","107,282","107,964","108,128"
Incorporated,"147,698","156,831","168,746","181,260","194,062","204,182","213,300","220,734","227,832","233,713","239,169","240,304"
County Total,"248,399","258,293","270,845","283,703","296,712","307,710","317,437","325,985","333,805","340,995","347,133","348,432"
,,,,,,,,,,,,
Plumas County,,,,,,,,,,,,
Portola             ,"2,227","2,213","2,201","2,193","2,212","2,203","2,167","2,154","2,120","2,100","2,099","2,104"
Balance Of County    ,"18,597","18,468","18,501","18,529","18,612","18,677","18,618","18,500","18,363","18,116","17,946","17,903"
Incorporated,"2,227","2,213","2,201","2,193","2,212","2,203","2,167","2,154","2,120","2,100","2,099","2,104"
County Total,"20,824","20,681","20,702","20,722","20,824","20,880","20,785","20,654","20,483","20,216","20,045","20,007"
,,,,,,,,,,,,
Riverside County,,,,,,,,,,,,
Banning             ,"23,562","23,961","24,700","25,788","27,813","28,301","28,540","28,634","28,695","29,144","29,492","29,603"
Beaumont            ,"11,384","11,707","12,649","14,548","17,431","20,090","24,467","29,668","33,002","34,387","36,468","36,877"
Blythe              ,"20,465","20,713","21,063","21,031","21,747","21,511","21,576","21,876","20,817","20,460","20,882","20,817"
Calimesa            ,"7,139","7,244","7,369","7,505","7,579","7,601","7,608","7,605","7,626","7,747","7,847","7,879"
Canyon Lake         ,"9,952","10,083","10,250","10,410","10,532","10,579","10,534","10,448","10,421","10,511","10,550","10,561"
Cathedral City      ,"42,647","43,853","45,217","47,199","48,529","49,766","50,017","50,634","50,401","50,812","51,093","51,200"
Coachella           ,"22,724","23,146","23,974","26,422","27,214","29,754","33,964","36,851","38,521","39,079","40,508","40,704"
Corona              ,"124,966","129,543","134,555","138,570","144,084","144,719","145,399","146,272","147,319","149,692","151,858","152,374"
Desert Hot Springs  ,"16,582","16,664","16,765","17,070","18,925","20,294","22,805","24,124","25,115","25,690","25,886","25,938"
Hemet               ,"58,812","60,626","63,065","64,482","66,751","68,943","72,298","74,434","75,383","76,961","78,295","78,657"
Indian Wells        ,"3,816","4,123","4,323","4,376","4,413","4,681","4,746","4,779","4,826","4,910","4,947","4,958"
Indio               ,"49,116","49,681","50,815","52,551","56,655","62,024","66,670","70,948","74,007","74,590","75,263","76,036"
Lake Elsinore       ,"28,930","29,999","31,224","33,456","35,993","38,271","41,239","47,705","49,747","50,616","51,448","51,821"
La Quinta           ,"23,694","25,459","27,469","28,642","30,110","32,558","33,987","35,792","36,744","37,116","37,044","37,467"
Menifee,0,0,0,0,0,0,0,0,0,"75,707","77,902","77,519"
Moreno Valley       ,"142,379","144,312","147,533","152,355","158,634","167,262","176,830","182,330","185,513","189,690","192,599","193,365"
Murrieta            ,"44,282","46,464","52,060","68,639","79,185","85,769","93,701","97,747","100,476","101,998","103,066","103,466"
Norco               ,"24,157","24,408","24,882","25,321","25,624","26,532","27,045","27,017","26,812","26,852","27,069","27,063"
Palm Desert         ,"41,155","41,685","42,279","43,204","43,899","47,422","47,270","46,867","47,453","47,993","48,215","48,445"
Palm Springs        ,"42,805","43,025","43,179","43,358","43,441","43,963","44,308","44,154","44,026","44,346","44,480","44,552"
Perris              ,"36,189","37,785","39,844","42,045","46,634","50,650","54,439","59,014","63,041","65,422","67,607","68,386"
Rancho Mirage       ,"13,249","13,798","14,349","15,044","15,653","16,353","16,592","16,779","16,815","17,037","17,165","17,218"
Riverside           ,"255,166","261,464","269,746","275,867","279,829","284,715","286,720","289,674","293,988","298,721","302,597","303,871"
San Jacinto         ,"23,779","25,094","26,602","28,223","29,734","31,811","35,131","38,963","40,877","42,652","43,881","44,199"
Temecula            ,"57,716","61,230","71,936","74,157","76,407","78,808","90,120","93,122","95,332","97,741","99,757","100,097"
Wildomar,0,0,0,0,0,0,0,0,0,"31,732","32,393","32,176"
Balance Of County    ,"420,721","433,641","449,443","469,956","497,669","523,318","539,907","564,465","585,784","489,020","501,380","504,392"
Incorporated,"1,124,666","1,156,067","1,205,848","1,260,263","1,316,816","1,372,377","1,436,006","1,485,437","1,516,957","1,651,606","1,678,312","1,685,249"
County Total,"1,545,387","1,589,708","1,655,291","1,730,219","1,814,485","1,895,695","1,975,913","2,049,902","2,102,741","2,140,626","2,179,692","2,189,641"
,,,,,,,,,,,,
Sacramento County,,,,,,,,,,,,
Citrus Heights,"85,071","85,956","86,918","86,458","85,940","85,153","84,112","83,552","83,347","83,317","83,382","83,301"
Elk Grove,0,"76,298","82,932","88,954","113,391","125,703","135,996","142,003","146,083","149,302","152,652","153,015"
Folsom              ,"51,884","56,759","59,186","62,433","64,396","66,362","67,936","69,257","71,064","71,625","72,139","72,203"
Galt                ,"19,472","20,047","20,925","21,843","21,952","22,485","22,628","22,996","23,371","23,584","23,654","23,647"
Isleton             ,828,835,840,838,831,811,802,800,800,802,805,804
Rancho Cordova,0,0,0,0,"54,979","55,476","56,866","59,502","61,526","62,724","64,024","64,776"
Sacramento          ,"407,018","412,918","423,084","429,918","436,799","442,662","445,774","452,711","458,965","463,633","466,740","466,488"
Balance Of County    ,"659,226","595,259","605,703","616,745","553,622","551,871","551,100","549,351","549,354","551,181","553,863","554,554"
Incorporated,"564,273","652,813","673,885","690,444","778,288","798,652","814,114","830,821","845,156","854,987","863,396","864,234"
County Total,"1,223,499","1,248,072","1,279,588","1,307,189","1,331,910","1,350,523","1,365,214","1,380,172","1,394,510","1,406,168","1,417,259","1,418,788"
,,,,,,,,,,,,
San Benito County,,,,,,,,,,,,
Hollister           ,"34,424","34,908","35,656","35,878","35,737","35,476","35,199","35,039","34,994","34,843","34,942","34,928"
San Juan Bautista   ,"1,549","1,566","1,579","1,594","1,690","1,688","1,683","1,779","1,835","1,852","1,861","1,862"
Balance Of County    ,"17,261","17,691","17,713","17,858","17,947","18,057","18,143","18,130","18,193","18,373","18,469","18,479"
Incorporated,"35,973","36,474","37,235","37,472","37,427","37,164","36,882","36,818","36,829","36,695","36,803","36,790"
County Total,"53,234","54,165","54,948","55,330","55,374","55,221","55,025","54,948","55,022","55,068","55,272","55,269"
,,,,,,,,,,,,
San Bernardino County,,,,,,,,,,,,
Adelanto            ,"18,130","18,512","19,327","20,326","22,528","24,855","26,617","29,181","30,526","31,087","31,764","31,765"
Apple Valley        ,"54,239","55,269","56,890","58,665","61,005","63,117","66,490","69,127","68,776","68,828","69,089","69,135"
Barstow             ,"21,119","21,061","22,274","22,558","22,554","22,724","22,522","22,547","22,361","22,565","22,513","22,639"
Big Bear Lake       ,"5,438","5,468","5,498","5,529","5,556","5,521","5,414","5,309","5,227","5,136","5,048","5,019"
Chino               ,"67,168","67,132","67,820","68,819","73,163","74,463","75,584","76,340","77,040","77,982","78,062","77,983"
Chino Hills         ,"66,787","68,124","70,488","71,854","74,809","75,414","74,943","75,168","74,964","74,725","74,738","74,799"
Colton              ,"47,662","48,114","49,327","50,316","50,908","51,522","51,573","51,594","51,703","51,774","52,066","52,154"
Fontana             ,"128,928","133,270","140,615","147,285","156,781","161,728","167,245","183,704","190,864","192,895","195,219","196,069"
Grand Terrace       ,"11,626","11,656","11,844","11,910","11,976","12,012","11,903","11,829","11,913","11,854","12,050","12,040"
Hesperia            ,"62,590","63,572","65,704","68,350","70,956","76,548","80,648","86,332","88,356","89,364","90,048","90,173"
Highland            ,"44,625","44,949","46,098","47,641","49,483","50,901","51,457","52,180","52,516","52,725","53,037","53,104"
Loma Linda          ,"19,228","19,756","20,345","20,826","21,139","21,723","22,036","22,613","22,824","22,975","23,218","23,261"
Montclair           ,"33,049","33,316","33,834","34,075","34,398","34,934","34,873","35,732","36,007","36,057","36,628","36,664"
Needles             ,"4,830","4,828","4,978","4,961","5,024","5,066","5,085","5,063","5,005","4,927","4,861","4,844"
Ontario             ,"158,007","158,428","161,051","162,828","163,956","164,504","163,757","164,175","163,951","163,309","164,015","163,924"
Rancho Cucamonga    ,"127,743","131,876","137,210","145,053","151,873","156,854","163,788","164,195","164,671","164,764","165,391","165,269"
Redlands            ,"63,591","64,308","65,678","66,753","67,641","68,471","68,738","68,670","68,726","68,617","68,752","68,747"
Rialto              ,"91,882","92,828","94,964","96,302","97,704","98,224","97,813","97,525","98,030","98,698","99,071","99,171"
San Bernardino      ,"185,382","187,778","192,045","195,594","198,227","201,295","203,319","206,904","207,748","208,318","209,656","209,924"
Twentynine Palms    ,"14,764","29,653","24,462","23,476","24,083","24,655","26,513","25,582","25,996","25,745","25,053","25,048"
Upland              ,"68,393","69,058","70,357","71,200","71,831","72,216","72,197","72,981","72,654","72,715","73,732","73,732"
Victorville         ,"64,029","66,904","70,256","73,538","79,081","87,813","96,564","104,218","109,321","112,252","115,532","115,903"
Yucaipa             ,"41,207","41,821","43,078","44,805","46,789","48,491","49,516","50,700","50,924","51,045","51,321","51,367"
Yucca Valley        ,"16,865","17,023","17,414","17,813","18,504","19,352","20,048","20,483","20,627","20,651","20,693","20,700"
Balance Of County    ,"292,857","286,712","290,711","294,902","295,094","299,020","301,072","287,538","288,864","290,424","291,584","291,776"
Incorporated,"1,417,282","1,454,704","1,491,557","1,530,477","1,579,969","1,622,403","1,658,643","1,702,152","1,720,730","1,729,008","1,741,557","1,743,434"
County Total,"1,710,139","1,741,416","1,782,268","1,825,379","1,875,063","1,921,423","1,959,715","1,989,690","2,009,594","2,019,432","2,033,141","2,035,210"
,,,,,,,,,,,,
San Diego County,,,,,,,,,,,,
Carlsbad            ,"78,306","83,060","87,751","90,214","92,205","94,161","97,641","100,154","102,452","103,664","105,319","105,328"
Chula Vista         ,"173,543","181,783","191,922","202,094","211,018","219,939","226,838","231,597","235,767","239,369","243,712","243,916"
Coronado            ,"24,100","24,926","24,795","23,521","22,046","22,283","21,330","21,125","21,063","20,821","21,324","24,697"
Del Mar             ,"4,389","4,411","4,408","4,382","4,357","4,293","4,234","4,206","4,186","4,172","4,176","4,161"
El Cajon            ,"94,869","96,054","96,432","96,939","97,354","97,364","96,699","97,027","97,684","98,363","99,534","99,478"
Encinitas           ,"57,955","58,602","58,861","59,749","60,324","59,929","59,532","59,378","59,411","59,453","59,707","59,518"
Escondido           ,"133,663","135,260","136,377","137,746","139,157","139,585","138,912","139,566","140,785","142,161","144,008","143,911"
Imperial Beach      ,"26,992","27,146","27,103","27,056","26,828","26,515","26,187","26,084","26,335","26,283","26,394","26,324"
La Mesa             ,"54,749","55,224","55,414","55,578","55,547","55,354","55,098","55,452","55,753","56,148","57,128","57,065"
Lemon Grove         ,"24,918","25,136","25,169","25,235","25,228","25,078","24,878","24,873","24,949","25,037","25,354","25,320"
National City       ,"54,260","54,429","54,763","55,702","54,803","55,948","56,134","56,491","56,889","57,412","58,593","58,582"
Oceanside           ,"161,039","162,907","164,312","165,962","166,859","166,958","165,539","165,545","166,064","166,242","167,456","167,086"
Poway               ,"48,044","48,607","48,882","48,839","48,774","48,377","47,925","47,754","47,596","47,615","47,957","47,811"
San Diego           ,"1,223,415","1,228,432","1,236,616","1,251,700","1,257,358","1,261,035","1,261,633","1,266,978","1,279,505","1,294,031","1,304,482","1,301,617"
San Marcos          ,"54,977","57,594","60,656","63,591","67,048","72,564","76,303","79,273","82,116","82,879","83,788","83,781"
Santee              ,"52,946","53,138","52,770","52,474","52,142","52,110","51,983","51,936","52,367","52,963","53,508","53,413"
Solana Beach        ,"12,979","13,124","13,112","13,125","13,059","12,933","12,797","12,790","12,780","12,805","12,906","12,867"
Vista               ,"89,857","90,873","91,361","92,066","92,448","92,110","92,255","92,362","92,793","93,228","93,979","93,834"
Balance Of County    ,"442,832","448,532","459,552","461,243","467,148","460,247","460,574","465,886","474,194","481,790","482,254","486,604"
Incorporated,"2,371,001","2,400,706","2,430,704","2,465,973","2,486,555","2,506,536","2,515,918","2,532,591","2,558,495","2,582,646","2,609,325","2,608,709"
County Total,"2,813,833","2,849,238","2,890,256","2,927,216","2,953,703","2,966,783","2,976,492","2,998,477","3,032,689","3,064,436","3,091,579","3,095,313"
,,,,,,,,,,,,
San Francisco County    ,,,,,,,,,,,,
San Francisco       ,"776,733","780,614","782,765","782,599","781,308","780,187","781,295","787,127","795,002","800,239","804,989","805,235"
,,,,,,,,,,,,
San Joaquin County,,,,,,,,,,,,
Escalon             ,"5,963","6,134","6,369","6,581","6,649","6,842","6,942","6,964","7,027","7,086","7,129","7,132"
Lathrop             ,"10,445","10,802","11,616","12,089","12,482","12,768","14,489","16,271","17,282","17,589","17,945","18,023"
Lodi                ,"57,011","58,122","59,376","60,311","61,056","61,431","61,411","61,648","61,749","61,796","62,110","62,134"
Manteca             ,"49,255","51,396","54,787","56,802","59,240","60,598","61,926","62,875","64,316","65,652","66,776","67,096"
Ripon               ,"10,158","10,564","10,995","11,290","11,890","12,599","13,094","13,588","13,869","14,146","14,290","14,297"
Stockton            ,"243,771","248,520","254,469","261,710","270,136","277,485","282,869","285,750","287,093","288,591","291,275","291,707"
Tracy               ,"56,929","61,048","65,993","70,060","74,745","78,228","80,152","80,700","81,490","82,040","82,800","82,922"
Balance Of County    ,"130,066","131,535","132,434","133,452","133,589","135,108","135,364","137,508","139,666","140,933","141,732","141,995"
Incorporated,"433,532","446,586","463,605","478,843","496,198","509,951","520,883","527,796","532,826","536,900","542,325","543,311"
County Total,"563,598","578,121","596,039","612,295","629,787","645,059","656,247","665,304","672,492","677,833","684,057","685,306"
,,,,,,,,,,,,
San Luis Obispo County,,,,,,,,,,,,
Arroyo Grande       ,"15,851","16,007","16,298","16,514","16,641","16,609","16,650","16,874","17,061","17,201","17,237","17,252"
Atascadero          ,"26,411","26,669","26,918","27,244","27,617","27,497","27,481","27,662","28,281","28,244","28,274","28,310"
El Paso De Robles   ,"24,297","24,978","25,735","26,713","27,139","27,863","28,783","29,391","29,602","29,739","29,761","29,793"
Grover Beach        ,"13,067","13,123","13,097","13,027","13,220","13,186","13,134","13,036","13,072","13,168","13,147","13,156"
Morro Bay           ,"10,350","10,384","10,432","10,389","10,390","10,343","10,265","10,207","10,217","10,239","10,227","10,234"
Pismo Beach         ,"8,551","8,497","8,479","8,401","8,333","8,155","8,010","7,858","7,761","7,758","7,676","7,655"
San Luis Obispo     ,"44,179","44,293","44,406","44,293","44,271","44,630","44,483","44,438","44,650","44,938","45,046","45,119"
Balance Of County    ,"103,975","105,736","107,239","108,002","109,434","110,930","112,067","113,516","114,861","116,250","117,965","118,118"
Incorporated,"142,706","143,951","145,365","146,581","147,611","148,283","148,806","149,466","150,644","151,287","151,368","151,519"
County Total,"246,681","249,687","252,604","254,583","257,045","259,213","260,873","262,982","265,505","267,537","269,333","269,637"
,,,,,,,,,,,,
San Mateo County,,,,,,,,,,,,
Atherton            ,"7,194","7,147","7,056","6,998","6,975","6,900","6,854","6,917","6,940","6,898","6,921","6,914"
Belmont             ,"25,123","25,106","24,950","25,071","25,001","24,973","25,122","25,189","25,427","25,634","25,821","25,835"
Brisbane            ,"3,597","3,630","3,681","3,706","3,767","3,836","3,888","3,948","4,065","4,185","4,268","4,282"
Burlingame          ,"28,158","28,215","28,106","27,952","27,892","27,825","27,857","28,020","28,306","28,556","28,784","28,806"
Colma               ,"1,187","1,173","1,159","1,137","1,219","1,465","1,456","1,449","1,725","1,451","1,446","1,441"
Daly City           ,"103,625","103,237","102,351","101,721","101,166","100,379","99,981","100,096","100,156","100,647","101,186","101,072"
East Palo Alto      ,"29,506","30,047","30,789","30,064","29,702","29,431","28,842","28,703","28,595","28,464","28,281","28,155"
Foster City         ,"28,803","28,802","28,679","29,620","29,585","29,595","29,652","29,868","30,042","30,270","30,542","30,567"
Half Moon Bay       ,"11,842","11,779","11,722","11,659","11,552","11,629","11,493","11,408","11,396","11,403","11,360","11,324"
Hillsborough        ,"10,825","10,809","10,765","10,702","10,646","10,564","10,491","10,526","10,656","10,750","10,821","10,825"
Menlo Park          ,"30,785","30,848","30,786","30,583","30,507","30,355","30,489","30,732","31,207","31,688","31,986","32,026"
Millbrae            ,"20,718","20,696","20,583","20,481","20,427","20,359","20,375","20,468","20,947","21,136","21,521","21,532"
Pacifica            ,"38,392","38,309","37,903","37,513","37,215","36,887","36,691","36,702","36,940","37,153","37,267","37,234"
Portola Valley      ,"4,462","4,436","4,409","4,368","4,370","4,331","4,315","4,323","4,328","4,341","4,358","4,353"
Redwood City        ,"75,402","75,361","75,447","75,078","74,885","74,621","74,663","75,080","75,525","76,198","76,766","76,815"
San Bruno           ,"40,165","39,948","39,476","39,870","39,566","39,655","39,474","39,592","40,773","40,993","41,157","41,114"
San Carlos          ,"27,718","27,685","27,551","27,406","27,343","27,428","27,473","27,642","27,923","28,152","28,393","28,406"
San Mateo           ,"92,482","92,559","93,294","93,068","93,479","93,396","93,613","94,344","95,050","96,170","97,106","97,207"
South San Francisco ,"60,552","60,528","60,132","59,913","59,917","60,172","60,211","60,491","61,701","62,999","63,623","63,632"
Woodside            ,"5,352","5,331","5,267","5,205","5,265","5,241","5,213","5,202","5,244","5,261","5,288","5,287"
Balance Of County    ,"61,275","62,319","62,107","61,899","61,775","61,308","61,194","61,138","60,874","61,469","61,719","61,624"
Incorporated,"645,888","645,646","644,106","642,115","640,479","639,042","638,153","640,700","646,946","652,349","656,895","656,827"
County Total,"707,163","707,965","706,213","704,014","702,254","700,350","699,347","701,838","707,820","713,818","718,614","718,451"
,,,,,,,,,,,,
Santa Barbara County,,,,,,,,,,,,
Buellton            ,"3,828","3,909","3,976","4,211","4,459","4,527","4,525","4,653","4,695","4,744","4,843","4,828"
Carpinteria         ,"14,194","14,217","14,140","13,974","13,815","13,564","13,260","13,105","13,121","13,139","13,133","13,044"
Goleta,0,0,0,"30,357","30,181","29,803","29,298","29,137","29,273","29,266","29,789","29,888"
Guadalupe           ,"5,659","5,916","6,173","6,419","6,517","6,521","6,704","6,751","6,958","7,018","7,118","7,080"
Lompoc              ,"41,103","41,365","41,456","41,645","42,013","41,793","41,352","41,505","42,437","42,385","42,560","42,434"
Santa Barbara       ,"89,606","89,731","90,040","89,704","89,568","88,854","87,702","87,619","88,337","88,265","88,733","88,410"
Santa Maria         ,"77,423","78,903","81,434","83,828","87,732","91,313","93,385","94,408","95,934","98,163","99,589","99,553"
Solvang             ,"5,332","5,358","5,387","5,366","5,344","5,285","5,203","5,179","5,221","5,241","5,265","5,245"
Balance Of County    ,"162,202","162,268","162,188","132,324","130,728","129,780","130,842","132,393","132,333","132,976","132,710","133,413"
Incorporated,"237,145","239,399","242,606","275,504","279,629","281,660","281,429","282,357","285,976","288,221","291,030","290,482"
County Total,"399,347","401,667","404,794","407,828","410,357","411,440","412,271","414,750","418,309","421,197","423,740","423,895"
,,,,,,,,,,,,
Santa Clara County,,,,,,,,,,,,
Campbell            ,"38,138","38,067","37,931","37,684","37,643","37,406","37,355","38,382","38,728","39,032","39,345","39,349"
Cupertino           ,"50,602","50,941","52,080","52,197","53,087","53,632","54,338","55,611","56,297","57,289","58,084","58,302"
Gilroy              ,"41,464","42,436","43,144","43,866","45,026","45,782","46,446","47,047","48,353","48,627","48,853","48,821"
Los Altos           ,"27,693","27,802","27,713","27,565","27,517","27,381","27,446","27,831","28,076","28,376","28,791","28,976"
Los Altos Hills     ,"8,025","7,972","7,889","7,995","7,939","7,852","7,794","7,772","7,909","7,892","7,935","7,922"
Los Gatos           ,"28,592","28,664","28,520","28,362","28,227","28,070","28,017","28,177","28,980","29,182","29,359","29,413"
Milpitas            ,"62,698","62,499","62,572","63,361","62,825","62,177","62,133","62,684","65,162","66,392","66,672","66,790"
Monte Sereno        ,"3,483","3,465","3,412","3,395","3,382","3,324","3,308","3,314","3,304","3,328","3,344","3,341"
Morgan Hill         ,"33,586","33,914","34,210","34,109","34,618","35,011","35,535","36,467","37,107","37,653","37,865","37,882"
Mountain View       ,"70,708","71,087","70,912","71,134","70,999","70,629","70,609","71,410","72,063","73,074","73,958","74,066"
Palo Alto           ,"58,598","60,069","59,987","59,873","59,915","60,723","61,260","61,385","62,173","63,496","64,352","64,403"
San Jose            ,"895,131","897,898","899,796","899,161","898,149","901,159","904,844","913,310","923,491","937,965","946,954","945,942"
Santa Clara         ,"102,361","102,981","103,305","104,579","106,319","107,058","108,749","111,507","112,760","114,795","116,184","116,468"
Saratoga            ,"29,849","29,714","29,924","29,758","29,556","29,630","29,493","29,727","29,780","29,815","29,940","29,926"
Sunnyvale           ,"131,844","132,198","132,119","131,769","131,647","131,853","132,630","134,232","136,296","138,213","139,865","140,081"
Balance Of County    ,"99,813","100,659","99,716","98,944","98,753","96,547","96,719","96,210","97,433","92,075","89,926","89,960"
Incorporated,"1,582,772","1,589,707","1,593,514","1,594,808","1,596,849","1,601,687","1,609,957","1,628,856","1,650,479","1,675,129","1,691,501","1,691,682"
County Total,"1,682,585","1,690,366","1,693,230","1,693,752","1,695,602","1,698,234","1,706,676","1,725,066","1,747,912","1,767,204","1,781,427","1,781,642"
,,,,,,,,,,,,
Santa Cruz County        ,,,,,,,,,,,,
Capitola            ,"10,033","10,055","10,021","9,990","9,891","9,760","9,723","9,735","9,793","9,861","9,924","9,918"
Santa Cruz          ,"54,593","54,389","54,602","55,335","56,053","56,387","56,719","57,505","58,268","59,357","59,871","59,946"
Scotts Valley       ,"11,385","11,406","11,427","11,457","11,408","11,385","11,351","11,358","11,441","11,520","11,587","11,580"
Watsonville         ,"44,246","46,848","47,207","46,997","47,516","48,827","49,147","50,180","50,648","50,900","51,246","51,199"
Balance Of County    ,"135,345","133,333","132,633","131,589","130,118","128,424","128,167","127,765","128,587","129,254","129,924","129,739"
Incorporated,"120,257","122,698","123,257","123,779","124,868","126,359","126,940","128,778","130,150","131,638","132,628","132,643"
County Total,"255,602","256,031","255,890","255,368","254,986","254,783","255,107","256,543","258,737","260,892","262,552","262,382"
,,,,,,,,,,,,
Shasta County,,,,,,,,,,,,
Anderson            ,"9,027","9,148","9,237","9,340","9,714","9,955","9,999","9,919","9,846","9,969","9,937","9,932"
Redding             ,"80,950","82,619","84,430","85,550","86,470","87,152","87,662","88,343","88,898","89,343","89,823","89,861"
Shasta Lake         ,"9,008","9,260","9,472","9,818","9,964","10,084","10,095","10,142","10,148","10,151","10,162","10,164"
Balance Of County    ,"64,271","64,563","65,165","66,074","66,581","66,671","66,991","67,142","67,348","67,293","67,326","67,266"
Incorporated,"98,985","101,027","103,139","104,708","106,148","107,191","107,756","108,404","108,892","109,463","109,922","109,957"
County Total,"163,256","165,590","168,304","170,782","172,729","173,862","174,747","175,546","176,240","176,756","177,248","177,223"
,,,,,,,,,,,,
Sierra County,,,,,,,,,,,,
Loyalton            ,862,867,856,854,858,846,843,828,806,785,774,769
Balance Of County    ,"2,693","2,736","2,720","2,701","2,648","2,603","2,584","2,556","2,508","2,479","2,473","2,471"
Incorporated,862,867,856,854,858,846,843,828,806,785,774,769
County Total,"3,555","3,603","3,576","3,555","3,506","3,449","3,427","3,384","3,314","3,264","3,247","3,240"
,,,,,,,,,,,,
Siskiyou County,,,,,,,,,,,,
Dorris              ,886,891,897,908,915,919,922,920,922,932,937,939
Dunsmuir            ,"1,923","1,907","1,883","1,856","1,830","1,803","1,771","1,729","1,702","1,684","1,658","1,650"
Etna                ,781,780,776,773,769,766,760,748,742,743,739,737
Fort Jones          ,660,675,692,711,731,750,769,780,794,813,834,710
Montague            ,"1,456","1,450","1,446","1,447","1,457","1,471","1,477","1,472","1,455","1,453","1,444","1,443"
Mount Shasta        ,"3,621","3,640","3,618","3,607","3,598","3,577","3,537","3,480","3,438","3,435","3,404","3,394"
Tulelake            ,"1,020","1,023","1,025","1,024","1,023","1,020","1,016","1,005","1,000","1,005","1,008","1,010"
Weed                ,"2,978","2,970","3,002","2,998","2,965","2,946","2,896","2,981","2,989","2,988","2,973","2,967"
Yreka               ,"7,290","7,311","7,332","7,450","7,484","7,482","7,448","7,542","7,687","7,750","7,762","7,765"
Balance Of County    ,"23,686","23,684","23,660","23,717","23,919","24,131","24,322","24,220","24,223","24,193","24,203","24,285"
Incorporated,"20,615","20,647","20,671","20,774","20,772","20,734","20,596","20,657","20,729","20,803","20,759","20,615"
County Total,"44,301","44,331","44,331","44,491","44,691","44,865","44,918","44,877","44,952","44,996","44,962","44,900"
,,,,,,,,,,,,
Solano County,,,,,,,,,,,,
Benicia             ,"26,865","27,032","26,962","26,811","26,624","26,674","26,565","27,119","27,122","27,130","27,203","26,997"
Dixon               ,"16,103","16,242","16,365","16,427","16,634","17,449","17,914","18,105","18,148","18,293","18,441","18,351"
Fairfield           ,"96,178","97,643","99,870","101,526","102,131","102,553","103,047","102,828","103,993","103,781","103,224","105,321"
Rio Vista           ,"4,571","4,697","5,198","5,414","5,928","6,353","6,791","7,178","7,341","7,409","7,436","7,360"
Suisun City         ,"26,118","26,420","26,625","26,712","27,142","27,182","27,131","27,353","27,530","28,220","28,320","28,111"
Vacaville           ,"88,642","90,262","91,817","92,807","93,350","93,954","93,129","92,980","93,069","92,493","93,090","92,428"
Vallejo             ,"117,148","117,782","118,623","118,893","119,170","117,993","117,325","117,417","116,752","116,653","116,798","115,942"
Balance Of County    ,"19,305","19,398","19,435","19,292","19,185","18,827","19,062","19,018","18,953","18,853","18,756","18,834"
Incorporated,"375,625","380,078","385,460","388,590","390,979","392,158","391,902","392,980","393,955","393,979","394,512","394,510"
County Total,"394,930","399,476","404,895","407,882","410,164","410,985","410,964","411,998","412,908","412,832","413,268","413,344"
,,,,,,,,,,,,
Sonoma County,,,,,,,,,,,,
Cloverdale          ,"6,831","7,073","7,319","7,465","7,940","8,169","8,371","8,397","8,484","8,542","8,594","8,618"
Cotati              ,"6,471","6,469","6,649","6,663","6,834","7,065","7,085","7,219","7,219","7,232","7,258","7,265"
Healdsburg          ,"10,915","11,316","11,504","11,414","11,361","11,305","11,222","11,161","11,133","11,203","11,249","11,254"
Petaluma            ,"54,550","55,340","55,557","55,587","55,785","55,973","55,991","56,230","56,792","57,344","57,791","57,941"
Rohnert Park        ,"42,236","42,046","41,710","41,687","41,284","40,985","41,290","40,997","41,000","40,938","40,952","40,794"
Santa Rosa          ,"147,595","149,691","152,461","154,855","156,245","157,175","158,365","159,716","162,657","165,405","167,302","167,815"
Sebastopol          ,"7,774","7,748","7,697","7,616","7,541","7,470","7,368","7,321","7,244","7,250","7,380","7,379"
Sonoma              ,"9,275","9,531","9,560","9,712","9,912","10,029","10,135","10,245","10,337","10,471","10,605","10,648"
Windsor             ,"22,744","23,498","24,048","24,327","24,760","25,212","25,710","26,121","26,325","26,565","26,751","26,801"
Balance Of County    ,"150,223","150,246","149,221","147,813","147,441","146,351","144,214","144,072","143,628","143,672","145,079","145,363"
Incorporated,"308,391","312,712","316,505","319,326","321,662","323,383","325,537","327,407","331,191","334,950","337,882","338,515"
County Total,"458,614","462,958","465,726","467,139","469,103","469,734","469,751","471,479","474,819","478,622","482,961","483,878"
,,,,,,,,,,,,
Stanislaus County,,,,,,,,,,,,
Ceres               ,"34,609","35,196","36,088","37,012","38,189","39,606","41,799","43,029","44,103","44,738","45,179","45,417"
Hughson             ,"3,980","4,145","4,307","5,029","5,383","6,091","6,290","6,285","6,432","6,512","6,600","6,640"
Modesto             ,"188,861","192,545","197,280","200,748","202,903","201,980","200,872","200,866","200,941","201,331","201,911","201,165"
Newman              ,"7,092","7,443","7,445","7,602","8,099","8,798","9,704","9,799","10,029","10,183","10,208","10,224"
Oakdale             ,"15,503","15,785","16,379","16,948","17,432","17,710","18,145","18,976","19,777","20,231","20,557","20,675"
Patterson           ,"11,606","12,136","12,904","13,449","13,880","15,677","18,615","20,106","20,394","20,360","20,364","20,413"
Riverbank           ,"15,826","16,193","17,107","17,388","18,386","20,077","21,271","21,575","21,907","22,121","22,559","22,678"
Turlock             ,"55,811","58,061","59,846","61,439","63,242","65,301","65,674","66,784","67,420","67,619","68,279","68,549"
Waterford           ,"6,924","6,993","7,105","7,560","7,711","7,657","7,905","8,228","8,368","8,428","8,434","8,456"
Balance Of County    ,"106,785","107,926","109,879","111,108","111,414","111,247","110,505","110,311","110,018","109,703","109,912","110,236"
Incorporated,"340,212","348,497","358,461","367,175","375,225","382,897","390,275","395,648","399,371","401,523","404,091","404,217"
County Total,"446,997","456,423","468,340","478,283","486,639","494,144","500,780","505,959","509,389","511,226","514,003","514,453"
,,,,,,,,,,,,
Sutter County,,,,,,,,,,,,
Live Oak            ,"6,229","6,295","6,339","6,380","6,473","6,603","7,266","7,890","8,255","8,355","8,422","8,392"
Yuba City           ,"36,758","45,506","46,792","48,505","51,034","57,975","60,197","61,835","62,974","64,042","64,818","64,925"
Balance Of County    ,"35,943","27,921","27,955","28,133","27,590","22,519","21,901","21,838","21,754","21,521","21,525","21,420"
Incorporated,"42,987","51,801","53,131","54,885","57,507","64,578","67,463","69,725","71,229","72,397","73,240","73,317"
County Total,"78,930","79,722","81,086","83,018","85,097","87,097","89,364","91,563","92,983","93,918","94,765","94,737"
,,,,,,,,,,,,
Tehama County,,,,,,,,,,,,
Corning             ,"6,741","6,738","6,799","6,904","6,991","7,123","7,279","7,324","7,385","7,590","7,654","7,663"
Red Bluff           ,"13,147","13,151","13,370","13,533","13,667","13,782","13,634","13,822","13,954","13,952","14,070","14,076"
Tehama              ,432,430,430,433,434,432,430,422,422,418,420,418
Balance Of County    ,"35,719","35,830","36,274","36,977","37,861","38,639","39,657","40,209","40,604","40,961","41,274","41,306"
Incorporated,"20,320","20,319","20,599","20,870","21,092","21,337","21,343","21,568","21,761","21,960","22,144","22,157"
County Total,"56,039","56,149","56,873","57,847","58,953","59,976","61,000","61,777","62,365","62,921","63,418","63,463"
,,,,,,,,,,,,
Trinity County,"13,022","12,961","13,061","13,273","13,453","13,654","13,806","13,806","13,759","13,750","13,811","13,786"
,,,,,,,,,,,,
Tulare County,,,,,,,,,,,,
Dinuba              ,"16,844","17,067","17,427","18,249","18,515","18,989","19,179","19,562","20,610","20,914","21,216","21,453"
Exeter              ,"9,168","9,249","9,371","9,521","9,764","10,089","10,271","10,323","10,263","10,273","10,336","10,334"
Farmersville        ,"8,737","8,808","8,943","9,163","9,644","9,986","10,072","10,080","10,149","10,400","10,576","10,588"
Lindsay             ,"10,297","10,315","10,364","10,549","10,728","10,940","11,037","11,019","11,442","11,626","11,756","11,768"
Porterville         ,"39,615","40,219","41,161","42,387","43,654","44,758","45,386","51,666","52,201","52,929","54,014","54,165"
Tulare              ,"43,994","44,468","45,175","46,312","47,639","48,974","50,676","55,017","56,692","58,013","59,079","59,278"
Visalia             ,"91,891","93,309","95,730","98,740","102,236","106,054","108,950","115,243","118,848","121,885","124,182","124,442"
Woodlake            ,"6,653","6,703","6,723","6,772","6,776","6,832","6,848","6,872","6,937","7,183","7,286","7,279"
Balance Of County    ,"140,822","141,341","142,772","144,076","146,171","147,526","149,820","140,060","140,389","141,710","142,800","142,872"
Incorporated,"227,199","230,138","234,894","241,693","248,956","256,622","262,419","279,782","287,142","293,223","298,445","299,307"
County Total,"368,021","371,479","377,666","385,769","395,127","404,148","412,239","419,842","427,531","434,933","441,245","442,179"
,,,,,,,,,,,,
Tuolumne County,,,,,,,,,,,,
Sonora              ,"4,423","4,493","4,578","4,662","4,718","4,740","4,829","4,875","4,869","4,870","4,894","4,903"
Balance Of County    ,"50,081","50,464","51,041","51,515","51,689","51,671","51,677","51,472","51,229","50,791","50,397","50,462"
Incorporated,"4,423","4,493","4,578","4,662","4,718","4,740","4,829","4,875","4,869","4,870","4,894","4,903"
County Total,"54,504","54,957","55,619","56,177","56,407","56,411","56,506","56,347","56,098","55,661","55,291","55,365"
,,,,,,,,,,,,
Ventura County,,,,,,,,,,,,
Camarillo           ,"57,084","57,905","59,066","60,035","61,033","61,515","62,762","64,012","63,844","64,697","65,118","65,201"
Fillmore            ,"13,643","13,761","14,255","14,401","14,733","14,652","14,550","14,510","14,818","14,824","14,892","15,002"
Moorpark            ,"31,415","31,568","32,502","33,553","33,461","33,954","33,693","33,682","34,089","34,221","34,410","34,421"
Ojai                ,"7,862","7,843","7,784","7,756","7,775","7,709","7,650","7,543","7,505","7,468","7,464","7,461"
Oxnard              ,"170,358","174,243","178,066","180,655","184,572","185,994","187,275","189,844","191,887","194,764","197,563","197,899"
Port Hueneme        ,"21,845","22,233","22,453","22,340","22,199","22,309","22,023","21,908","21,771","21,808","21,499","21,723"
San Buenaventura    ,"100,916","101,199","101,801","102,974","103,269","103,374","103,827","104,140","104,752","105,437","106,285","106,433"
Santa Paula         ,"28,598","28,657","28,626","28,673","28,726","28,640","28,477","28,468","28,763","29,012","29,274","29,321"
Simi Valley         ,"111,351","113,573","115,159","116,594","117,311","118,961","120,194","121,598","122,692","123,188","124,063","124,237"
Thousand Oaks       ,"117,005","118,117","120,444","122,640","124,227","124,169","124,578","124,158","124,979","125,154","126,495","126,683"
Balance Of County    ,"93,120","93,845","94,282","95,011","94,907","94,685","94,020","93,709","93,870","94,711","95,045","94,937"
Incorporated,"660,077","669,099","680,156","689,621","697,306","701,277","705,029","709,863","715,100","720,573","727,063","728,381"
County Total,"753,197","762,944","774,438","784,632","792,213","795,962","799,049","803,572","808,970","815,284","822,108","823,318"
,,,,,,,,,,,,
Yolo County,,,,,,,,,,,,
Davis               ,"60,308","61,758","63,180","63,609","64,241","63,889","64,043","64,412","64,712","65,143","65,558","65,622"
West Sacramento     ,"31,615","32,009","34,765","36,579","38,191","40,289","43,331","45,179","46,979","47,962","48,582","48,744"
Winters             ,"6,125","6,116","6,221","6,446","6,707","6,753","6,602","6,584","6,648","6,638","6,630","6,624"
Woodland            ,"49,155","50,667","51,039","51,150","51,934","52,474","51,919","52,917","54,118","54,750","55,400","55,468"
Balance Of County    ,"21,457","21,900","21,975","23,014","22,942","23,125","23,183","23,734","23,762","24,149","24,314","24,391"
Incorporated,"147,203","150,550","155,205","157,784","161,073","163,405","165,895","169,092","172,457","174,493","176,170","176,458"
County Total,"168,660","172,450","177,180","180,798","184,015","186,530","189,078","192,826","196,219","198,642","200,484","200,849"
,,,,,,,,,,,,
Yuba County,,,,,,,,,,,,
Marysville          ,"12,268","12,475","12,655","12,704","12,807","12,567","12,446","12,312","12,285","12,310","12,304","12,072"
Wheatland           ,"2,272","2,336","2,423","2,754","3,219","3,474","3,499","3,489","3,488","3,506","3,519","3,456"
Balance Of County    ,"45,679","46,068","47,002","47,891","48,578","50,437","52,519","53,918","55,047","55,793","56,260","56,627"
Incorporated,"14,540","14,811","15,078","15,458","16,026","16,041","15,945","15,801","15,773","15,816","15,823","15,528"
County Total,"60,219","60,879","62,080","63,349","64,604","66,478","68,464","69,719","70,820","71,609","72,083","72,155"